<?xml version='1.0' encoding='utf-8' standalone='yes' ?>
<map>
    <string name="prev_event_name">af_initiated_checkout</string>
    <long name="prev_event_timestamp" value="1756894669401" />
    <int name="appsFlyerInAppEventCount" value="2" />
    <long name="prev_session_dur" value="5" />
    <string name="afUninstallToken">eepahceORVijqaKtMjtJ8S:APA91bHZUjkgQMCPmAMAraNO9TWjN_6BcL8fh86HcLqa9jUDqxEo817sqWoTnRJu5WLtPwdDBatjkPed1TdsWMyo4TB-feqqXS_9TdwDW8Dc9o1ljxzST9Q</string>
    <long name="af_rc_max_age" value="86400" />
    <boolean name="ddl_sent" value="true" />
    <string name="sentSuccessfully">true</string>
    <string name="af_remote_config">eyJmZWF0dXJlcyI6e30sInZlciI6ImRlZmF1bHQudjEuMTYzNzE0OTUyOSJ9</string>
    <int name="versionCode" value="240011287" />
    <boolean name="sentRegisterRequestToAF" value="true" />
    <string name="savedProperties">{&quot;uid&quot;:&quot;1756894525938-7030371237186380107&quot;,&quot;waitForCustomerId&quot;:&quot;false&quot;,&quot;AppUserId&quot;:&quot;31158858&quot;}</string>
    <string name="AF_INSTALLATION">1756894525938-7030371237186380107</string>
    <boolean name="afUninstallToken_queued" value="false" />
    <int name="appsFlyerCount" value="7" />
    <long name="af_rc_timestamp" value="1756894526430" />
    <long name="AppsFlyerTimePassedSincePrevLaunch" value="1756894724271" />
    <boolean name="newGPReferrerSent" value="true" />
    <string name="appsFlyerFirstInstall"></string>
    <long name="afUninstallToken_received_time" value="1756894529751" />
    <string name="attributionId">{&quot;install_time&quot;:&quot;2025-09-03 10:15:28.920&quot;,&quot;af_message&quot;:&quot;organic install&quot;,&quot;af_status&quot;:&quot;Organic&quot;,&quot;is_first_launch&quot;:false}</string>
</map>
