<?xml version='1.0' encoding='utf-8' standalone='yes' ?>
<map>
    <boolean name="bg_startup_tracing" value="false" />
    <long name="com.facebook.appevents.SessionInfo.sessionStartTime" value="1756894621659" />
    <long name="com.facebook.appevents.SessionInfo.sessionEndTime" value="1756894728788" />
    <string name="com.facebook.appevents.UserDataStore.internalUserData">{&quot;r2&quot;:&quot;665b8abc5580edd9b02412e11ff39a6cd3721e6c6ec5ee514a601c31ad785d92,f00fe24080d30062a0f7a6dfa9db7df79ec7821b23a214e7050b4672a54fb6fd&quot;}</string>
    <int name="com.facebook.appevents.SessionInfo.interruptionCount" value="2" />
    <string name="com.facebook.appevents.SessionInfo.sessionId">76b7a4f1-109f-426a-82fa-aa24286beff4</string>
</map>
