<?xml version='1.0' encoding='utf-8' standalone='yes' ?>
<map>
    <set name="fire-installations/18.0.0 fire-cls/19.1.0 fire-rc/22.0.0 fire-dl/22.1.0 fire-abt/21.1.1 fire-core/21.0.0 fire-core-ktx/21.0.0 android-installer/com.google.android.packageinstaller fire-sessions/2.0.4 android-platform/ fire-transport/19.0.0 android-target-sdk/34 fire-dl-ktx/22.1.0 kotlin/2.0.21 android-min-sdk/24 fire-auth/23.0.0 device-brand/realme fire-android/34 fire-perf/21.0.1 fire-analytics/22.1.0 fire-analytics-ktx/22.1.0 device-name/RMX3660 fire-fcm/24.0.1 fire-cfg-ktx/22.0.0 device-model/RE588BL1">
        <string>2025-08-26</string>
    </set>
    <long name="fire-count" value="1" />
    <string name="last-used-date">2025-08-26</string>
    <long name="fire-global" value="1756219371252" />
</map>
