{"Fid":"fX8UDekaRdSpiyCogRW-jr","Status":3,"AuthToken":"eyJhbGciOiJFUzI1NiIsInR5cCI6IkpXVCJ9.eyJhcHBJZCI6IjE6ODc2MzMzMzcxNTk2OmFuZHJvaWQ6OTJlMjQzNjFhNmE0YWIzY2Y4MzI2OSIsImV4cCI6MTc1NjgyMzQwNiwiZmlkIjoiZlg4VURla2FSZFNwaXlDb2dSVy1qciIsInByb2plY3ROdW1iZXIiOjg3NjMzMzM3MTU5Nn0.AB2LPV8wRQIgcoYh9t2p059PIx4Ur3hCqC8sFYiecBm6OP8saMxFTJUCIQDyQScyRvmd7uNCEcuKJ7qCR3TA7mW-VwSUCQ0zaVcV5g","RefreshToken":"3_AS3qfwLJjHHNNE3FdtNQj9__GSOMOvDi4n1sa9DMKbLY3AiwRi-8oVEgDM_fO1jhMDWKT1B_BaVfOJy94mxQl2gfY2G_Yy9nlKfIsGcOb02csFw","TokenCreationEpochInSecs":1756218607,"ExpiresInSecs":604800}