{"Fid":"eepahceORVijqaKtMjtJ8S","Status":3,"AuthToken":"eyJhbGciOiJFUzI1NiIsInR5cCI6IkpXVCJ9.eyJhcHBJZCI6IjE6NjM2ODEzODMyNjYyOmFuZHJvaWQ6NmVlMWZhZWNlZGIzYjFkYmZjNzQ3NyIsImV4cCI6MTc1NzQ5OTMyNSwiZmlkIjoiZWVwYWhjZU9SVmlqcWFLdE1qdEo4UyIsInByb2plY3ROdW1iZXIiOjYzNjgxMzgzMjY2Mn0.AB2LPV8wRQIgPR8L1HDrdNQYXlmt1i_-aL7S1wLseBmw6cPoGW1MugQCIQCsl1tLBnjnsQKW33lMgkAMJWqlNCXRgOfMKcrH9CO47g","RefreshToken":"3_AS3qfwL0lRTWvItELrGmxj6NLvpFrGlnSJZmYN2XO9jQ7e3NAimBUsdZ1bK2Kj4RIKwN25uakGrxoiYyzlAQR_JSGrjfPrj57hYuxWFhNAALslw","TokenCreationEpochInSecs":1756894526,"ExpiresInSecs":604800}