{"Fid":"dfqL8ku5T-WbllQKhaoc3c","Status":3,"AuthToken":"eyJhbGciOiJFUzI1NiIsInR5cCI6IkpXVCJ9.eyJhcHBJZCI6IjE6NjM2ODEzODMyNjYyOmFuZHJvaWQ6NmVlMWZhZWNlZGIzYjFkYmZjNzQ3NyIsImV4cCI6MTc1NjgyMzA4NiwiZmlkIjoiZGZxTDhrdTVULVdibGxRS2hhb2MzYyIsInByb2plY3ROdW1iZXIiOjYzNjgxMzgzMjY2Mn0.AB2LPV8wRgIhAOdjGBwT9Mh6oe6Kyx4N0_OJ0dhBvvrOLnI_xvZgdi-rAiEAzmUiCq7JxivE7n-17ygFe6YiA5TvJKtGE3J0WS-9Sfw","RefreshToken":"3_AS3qfwIQL0vDhRO5G9O5CktRevxVFAQ4fLiLwsqrJh-iHYnvrpxMLMzPBVvSB7YYZr4Q219r3XmQMKOm3Ds5bFWpEt5QPCCB6H6ZtRACVNP4EkQ","TokenCreationEpochInSecs":1756218287,"ExpiresInSecs":604800}