{"Fid":"cTcV5AM-SNmveHq-tR9fDw","Status":3,"AuthToken":"eyJhbGciOiJFUzI1NiIsInR5cCI6IkpXVCJ9.eyJhcHBJZCI6IjE6ODc2MzMzMzcxNTk2OmFuZHJvaWQ6OTJlMjQzNjFhNmE0YWIzY2Y4MzI2OSIsImV4cCI6MTc1NzQ5OTMyNywiZmlkIjoiY1RjVjVBTS1TTm12ZUhxLXRSOWZEdyIsInByb2plY3ROdW1iZXIiOjg3NjMzMzM3MTU5Nn0.AB2LPV8wRAIgbGLQ84Y1z7lYattPdTi4FgGACkMJoL9rRcxGXOmWUvkCIF9e_9N4Fl4UnhbH0cotJRE4cJc0DSVQN1l3yus_U0a2","RefreshToken":"3_AS3qfwKIZ-rAEqIb2dtnubwzxRMrQaz-ooTZrGMgyI4_6jOg6w0T_11ri7eTQk-5HX6qYpfRbKBR4Qd0DMrL4oAcM-xJXYmBQxGijxC-Cwdpfw","TokenCreationEpochInSecs":1756894528,"ExpiresInSecs":604800}